<?xml version="1.0" encoding="UTF-8"?>
<root>
  <item name="com.lxj.matisse.internal.entity.IncapableCause IncapableCause(int, java.lang.String) 0">
    <annotation name="androidx.annotation.IntDef">
      <val name="value" val="{com.lxj.matisse.internal.entity.IncapableCause.TOAST, com.lxj.matisse.internal.entity.IncapableCause.DIALOG, com.lxj.matisse.internal.entity.IncapableCause.NONE}" />
    </annotation>
  </item>
  <item name="com.lxj.matisse.internal.entity.IncapableCause IncapableCause(int, java.lang.String, java.lang.String) 0">
    <annotation name="androidx.annotation.IntDef">
      <val name="value" val="{com.lxj.matisse.internal.entity.IncapableCause.TOAST, com.lxj.matisse.internal.entity.IncapableCause.DIALOG, com.lxj.matisse.internal.entity.IncapableCause.NONE}" />
    </annotation>
  </item>
  <item name="com.lxj.matisse.internal.entity.IncapableCause.Form">
    <annotation name="androidx.annotation.IntDef">
      <val name="value" val="{com.lxj.matisse.internal.entity.IncapableCause.TOAST, com.lxj.matisse.internal.entity.IncapableCause.DIALOG, com.lxj.matisse.internal.entity.IncapableCause.NONE}" />
    </annotation>
  </item>
</root>

